id,name,category,tags,price
1,Smartphone Nova X,tecnologia,"tecnologia fotografia celular comunicacion",349990
2,Cámara PixelPro,fotografia,"fotografia camara video creatividad",289990
3,Audífonos SoundBeat,musica,"musica tecnologia audio deporte",59990
4,Smartwatch ActiveFit,deporte,"deporte salud tecnologia fitness",89990
5,Notebook WorkLite,tecnologia,"tecnologia estudio trabajo programacion",549990
6,Parlante MiniBoom,musica,"musica audio entretenimiento bluetooth",44990
7,Libro Introducción a Python,educacion,"educacion programacion tecnologia estudio",24990
8,Mochila UrbanTech,accesorios,"accesorios estudio tecnologia viaje",39990
9,Teclado Mechanical Pro,tecnologia,"tecnologia programacion gaming trabajo",69990
10,Cámara ActionGo,fotografia,"fotografia deporte viaje video",119990
